title,categories,keywords
can i get a streetpass in 2024?,gaming;people and blogs|vlog,"nintendo 3ds,3ds,nintendo,sega,3ds streetpass,3ds eshop,can i,nintendo switch,nintendo switch 2,switch 2,zelda,egon,mario,3ds games,3ds homebrew,3ds hack,wii u,nintendo online,can i get a streetpass,streetpass weekend,2024 streetpass,3ds online servers,nintendo network,nintendo network shut down,3ds nostalgia,3ds streetpass 2024,streetpass revival,streetpass mii plaza,eshop,wii u servers,3ds shut down,england,nintendo 3ds hshop,3ds xl,new 3ds"
how astro bot highlights sony’s incompetence,gaming|analysis,"astro bot,sony,playstation,ps5,ps4,devil may cry,parappa the rapper,metal gear solid,uncharted,last of us,tlou,the last of us 2,gaming,video games,ape escape,astro bot cameos,bot,cameos,playstation 5,persona,god of war,jak and daxter,spyro,crash bandicoot,sly cooper,ps1,ps2,ps3,dmc,gow,gowr,new games,game of the year,platformer,retrospective,ps5 pro,playstation 5 pro,state of play,concord,astro bot gameplay,astro's playroom ps5,egon"
why people love makoto niijima | persona 5,gaming|analysis,"persona 5,persona 5 royal,persona,makoto,persona 5 beta,persona 3 reload,persona 3 remake,makoto niijima,best girl,persona 5 best girl,persona 5 ost,persona 5 music,p5,p5r,persona 5 strikers,persona 3 reload ost,makoto yuki,best persona,gaming,video games,persona 3 confidant,persona 5 confidant,best character,best game,new games,persona 5 story,persona 5 romance,romance makoto persona 5,romance makoto,makoto confidant,makoto best moments,royal"
can i get a 3ds streetpass at the sonic symphony?,gaming;people and blogs|vlog,"sonic the hedgehog,nintendo 3ds,3ds,nintendo,atlanta,sonic symphony,sonic 2023,2023 streetpass,3ds online,3ds shut down,sonic 3ds,sega,3ds streetpass,3ds eshop,sonic music,sonic ost,can i,nintendo switch,nintendo switch 2,switch 2,zelda,egon,mario,3ds games,3ds homebrew,3ds hack,wii u,nintendo news,nintendo online,sonic games,symphony,can i get a streetpass,sonic symphony atlanta,sonic symphony 2023,super sonic,sonic,sonic movie,sonic 3"
rare and wacky nintendo handhelds,gaming|knowledge,"nintendo,rare,handhelds,handheld,gameboy,game boy,gameboy advance,gba,ds,nintendo ds,ds lite,nintendo ds lite,nintendo gameboy,gba sp,pokemon,mario,pikachu,3ds,nintendo 3ds,3ds shutting down,3ds online,zelda,ocarina of time,majora's mask,gba online,nintendo switch,new 3ds,new 3ds xl,dsi,pokemon world championship,2ds,new 2ds,minecraft,eshop,mario kart,bundle,rare collection,collection,video game collection,collecting,metal gear solid,persona 3,switch"
you can now streetpass online,gaming|knowledge,"nintendo 3ds,3ds,nintendo,sega,3ds streetpass,3ds eshop,can i,nintendo switch,nintendo switch 2,switch 2,zelda,egon,mario,3ds games,3ds homebrew,3ds hack,wii u,nintendo online,can i get a streetpass,streetpass weekend,2024 streetpass,3ds online servers,nintendo network,nintendo network shut down,3ds nostalgia,3ds streetpass 2024,streetpass revival,streetpass mii plaza,eshop,wii u servers,3ds shut down,nintendo 3ds hshop,3ds xl,new 3ds,netpass"
what were special miis?,"gaming|knowledge,analysis,video game culture","miis,mii,nintendo 3ds,3ds,mii channel,mii maker,streetpass,streetpass mii plaza,3ds streetpass,streetpass in 2023,3ds eshop,3ds online,3ds internet,wii u,wii,nintendo wii,nintendo wii u,wii u and 3ds,eshop,nintendo eshop,mario,luigi,zelda,goty,gaming,video game,video games,nintendo switch miis,nintendo switch,switch 2,find mii,puzzle swap,3ds games,3ds collection,streetpass dlc,streetpass games,collection,collecting,egon,mario wonder"
so long nintendo 3ds... | discussion,gaming|analysis,"nintendo,nintendo ds,nintendo 3ds,3ds,ds,wii,wii u,eshop,streetpass,animal crossing,metroid,zelda,mario,pokemon,sonic,gaming,videogame,videogames,video game,video games,virtual console,retro,retro gaming,egon,stwo,s-two,speedrun,nostalgia,discussion,nintendo life,kingk,popular,shut down,shutting down,playstation,xbox,sony,microsoft,youtube,record,scott the woz,gameboy,gba,gameboy advance,miitopia,rpg,persona"
sonic frontiers is finally good,"gaming|review,analysis","update,video games,gaming,playstation,sony,sega,nintendo,xbox,videogame,music,good games,pc gaming,steam,difficult games,platformers,3d,action,fighting games,popular games,popular,new,boss,egon,youtube,twitter,consoles,collecting,collection,game collection,race,3ds,wii u,nintendo online,retrospective,review,gamer,should you play it,is it good,brand new,retro,game review,game retrospective"
the nintendo 3ds's weirdest series: the denpa men,gaming|analysis,"denpa men,new denpa men,3ds,indie,nintendo 3ds,3ds eshop,3ds online,denpa men switch,switch direct,switch 2,nintendo direct,new games,new game,video game,gaming,the denpa men: they came by wave,denpa men 1,denpa men 2,denpa men 3,free game,rpg,turn based,pokemon,3ds games,nostalgia,good game,yo kai watch,3ds nostalgia,reboot,game,switch game,switch rpg,switch 2024,2024 games,fun game,denpa,they came by wave,digitoll,boss battle,vr,ar,3d"
who actually remembers weegee?,gaming|video game culture;history,"internet history,weegee,youtube poop,weegee meme,luigi meme,mario is missing,weegeepedia,early internet memes,meme history,creepy memes,nostalgia content"
assorted oddities in ocarina of time's code,gaming|video game culture;science and technology|technology,"code analysis,nintendo,skawo,video essay,programming,ocarina of time"
making a sunlight-powered aquarium (with no filter),"pets and animals;how to and style|hobby,lifestyle","planted tank,planted aquarium,ecosystem,fish tank restoration,no filter,no co2,thanks for nothing,tanks for nothing,window aquarium,broken aquarium,diy aquarium,walstad aquarium,riverbed aquarium,albino corydoras,rabbit snails,bamboo shrimp,ember tetras,amano shrimp,freshwater pipefish,otocinclus,doryichthys martensii"
the lost colony of roanoke,entertainment;history;documentary,"roanoke,croatoan,croatan,sir walter raleigh,sir walter ralegh,roanoak,jamestown,john white,john smith,john lawson,george howe,thomas harriot,sir richard greenville,richard hakluyt,patches,fort raleigh,hidden fort,site x,lost colony,hatteras,dare stone,virginia dare,eleanore dare,outer banks,manteo,wanchese"
the making of back to the future was a sh*t show,film and animation|film;history,"troubled productions,making of back to the future,wtf happened to this movie,wtf happened to back to the future,back to the future behind the scenes,back to the future,marty mcfly,doc brown,michael j fox,crispin glover,eric stoltz,robert zemeckis,bttf,delorean,time travel,production nightmares,behind the scenes,making of"
how retro consoles and computers saved your games,gaming|video game culture;science and technology|technology,"game saves,saved games,save games,save files,mvg,modern vintage gamer,how save games work,edit game save files,xbox one save files,flash memory,sram,eeprom,n64,floppy disk,cassette,tapes,memory card,controller pak,memory pak"
let's build the last of us in lego: part 1,entertainment|television program;gaming,"the last of us,lego,lego build,lego creation,lego moc,lego stop motion,video games,pedro pascal,the last of us game,the last of us show,seattle,apocalypse,building lego,gaming lego,custom lego,lego set,the last of us lego,lego tutorial,lego project,lego fan video"
diy concealment coffee table - farmhouse - full build,"education;how to and style|DIY,hobby","concealment table,biometric gun safe,biometric lock,coffee table diy,concealment,concealment coffee table,concealment furniture,distressed,distressed furniture,diy,diy coffee table,diy concealment coffee table,farmhouse,farmhouse coffee table,farmhouse table diy,hidden,hidden compartment,how to,how to build,how to build concealment furniture,how to distress,make money woodworking,matthew peech,rfid,rfid lock,rustic,sidehustle,weapon concealment,woodworking"
diy budget ecosystem pond - solo build in 5 days by hand,"education;how to and style|DIY,hobby","pond,natural pond,ecosystem pond,waterfall,waterfalls,backyard,garden,watergarden,aquagarden,aquascape"
the insane 3d printing project that cost me a fortune life size c3po,"how to and style|hobby,lifestyle,DIY","life size c3po 3d print,c3po build,star wars droid cosplay,full scale c3po,heyheyitsnaynay c3po,3d printed cosplay,3d printing timelapse,large format 3d print,diy star wars prop,3d printer cost,star wars,c3po,r2d2,lightsaber,cosplay,star wars droids"
why the soundtrack to shrek is actually genius,"music;film and animation|film,analysis;entertainment|film,music","shrek,shrek 2,fiona,donkey,far far away,swamp,allstar,smash,mouth,smash mouth,dreamworks,dies irae,sideways,music,music theory,film score,film music,pop music,dragon,eddie murphey,mike myers,katzenberg,eisner,disney,renaissance"
the truman show: a cleverly disguised tragedy,"film and animation|film,analysis","the truman show,jim carrey,movie,criticism,critique,ed harris,video,essay,film,drama"
life is unfair | a malcolm in the middle retrospective,"film and animation|television program,analysis;entertainment|television program","malcolm in the middle,fox studio,20th century fox,disney,foxcade,retrospective,analysis,sitcom,television,malcolm,dewey,hal,lois,reese,francis,franky muniz,bryan cranston,the simpsons,friends,seinfeld,90's sitcom,linwood boomer,review"
why meet the robinsons is an underrated gem,"entertainment|film,internet culture;film and animation|film,analysis,review","schaffrillas productions,meet the robinsons,disney,lewis,wilbur,bowler hat guy"
a skyblock retrospective,gaming|analysis;entertainment;history,"skyblock,minecraft,minecraft update,minecraft 1.22,minecraft video essay,video essay,1.22,1.21.4,the garden awakens,minecraft skyblock"
biggest cheater in pokemon speedrun history was just caught,gaming|video game culture;news and politics|news,"pulseeffects,pulseeffects speedrun,pokemon speedrun,pokemon world record,world record,speedrun cheater,pokemon cheater caught,pokemon speedrun world record,pokemon,speedrun,pokemon scarlet speedrun,pokemon violet speedrun,karl jobst,biggest cheater pokemon,summoningsalt,pokemon sapphire,pokemon red,pokemon blue,pokemon yellow,cheated world record,pokemon challenge,speedrun explained,karl jobst cheaters"
the longest game in smash history,gaming|video game culture;history,"smash,super smash bros,smash history,superboomfan,gerson,smash 64,64,prince,smash ultimate,melee"
the adventure time episode no one understands,"entertainment|film,television program;film and animation|television program,analysis","adventure time,adventure time,adventure time with finn and jake,finn and jake,finn the human,adventure time finn the human,adventure time jake the dog,jake the dog,bmo,bmo,adventure time bmo,adventure time the hall of egress,the hall of egress,confusing adventure time episode,adventue time ice king,adventure time flame princess,ice king,flame princess,princess bubblegum,finn,adventure time finn,hall of egress,cartoon network,cartoon,jake and finn"
the free churro video,"entertainment|film,television program;film and animation|television program,analysis","bojack,bojack horseman,bojack horseman free churro,free churro analysis,free churro breakdown,bojack eulogy,bojack funeral,bojack speech,bojack monologue,bojack episode breakdown,bojack best episodes,bojack analysis,beatrice horseman,beatrice horseman death,old sugarman place,time's arrow,brand new couch,beatrice horseman phone call,butterscotch horseman,butterscotch horseman death,bojack's father,bojack's mother,bojack's dad,bojack's mom"
"history of the entire world, i guess","education,history","bill wurtz,history of the entire world,history of the world,history of japan,world history,history of the world in 20 minutes,19 minutes,10 minutes,5 minutes,billwurtz,history of the entire world i guess,world history review,history of the universe,the big bang,history of earth,history of planet earth"
why didn't disease flow both ways in 1492?,education,"cgpgrey,education,hello internet,american indians"
paleoanthropologist answers caveman questions from twitter | tech support | wired,"science and technology,education,history","big foot,cave people,caveman,caveman support,cavemen,early human,early humans,early man,geico caveman,human evolution,human vs ape,ice age,innovation,missing link,neanderthal,neanderthals,ott tech support,paleoanthropologist,paleoanthropologist interview,paleoanthropologist wired interview,paleoanthropology,science,science & technology,tech support,wired,wired tech support"
why don't we taxidermy humans?,"science and technology,education","taxidermy,chuck testa"
cicada 3301: an internet mystery,entertainment;documentary;history;science and technology,"cicada 3301,unsolved mystery,documentary,winner,interview,nox populi,marcus wanner,liber primus,solutions,interconnectedness,the instar emergence,puzzle,cryptography,cryptology,cryptanalysis,steganography,encryption,decryption,cipher,decipher,encode,decode,4chan,intelligent individuals,outguess,posters,coordinates,dark net,dark web,deep web,tor,onion,leaked email,pgp,gpg,gematria primus,runes,translation,transcription,alternate reality game,arg,privacy,anonymous"
rogue waves,education;entertainment;history;documentary,"rogue waves,ocean,tsunami,shipwreck,history,geography"
the fear of space,entertainment;documentary,"space,world,outer worlds,worlds,outer,educational,entertainment,engine,space engine,comedy,writing,inspirational,science,sci fi,neptune,earth,sun,moon,universe,galaxy,galaxies,nasa,editing,music,family,friendly,time,planet,planets,solar,good,great,family friendly,fear of space,curiosity,phobia,horror,philisophical,outer space,the universe,astrophobia,cosmophobia,video essay,spds video essay,spds,space phobia,phobia of space,universe size comparison,black holes"
how an infinite hotel ran out of room,education;science and technology,"veritasium,science,physics"
how does bluetooth even exist???,science and technology|technology,"bluetooth,how does bluetooth work"
why we say “ok”,"news and politics|politics, society","ok,okay,history,linguistics,language,vox,vox.com,etymology,origin,newspaper,telegraph,martin van buren,old kinderhook,ok club,explain,explainer,why we say ok,origin of ok,why we say okay,origin of okay,what does okay mean,what does ok mean"
the great silence,entertainment;documentary,"fermi paradox,aliens,seti,search for extraterrestrial intelligence,ufo,astrobiology,square kilometer array,arecibo message,wow signal,biosignature,technosignature,earthlike,exoplanet,habitable zone,gj273b,luyten b,abiogenesis,megastructure,kic 8462852,dyson sphere,dyson swarm,kardashev scale,type iii civilization,rare earth hypothesis,the great filter,zoo hypothesis,transcension hypothesis,voyager,golden record,von neumann probe,oumuamua,radio astronomy"
the coraline bug theory,"film and animation|film,analysis","coraline,theory,analysis,analyzed,explained,ending,creepy,dark,bugs,bug,stop motion,laika studios,laika,pixar,does anyone ready these,animation,film,filmmaking,nostalgia,fantastic mr fox,kids movies,movie,movies,oscars,karsten runquist,karsten"
places you've seen in your dreams explained,education;entertainment;people and blogs,"dreamcore,dreamcore playlist,strangely familiar pictures,dreamcore music,places youve seen in your dreams,the backrooms,backrooms explained,liminal space,the backrooms levels,the backrooms the movie,liminal space iceberg,liminal space explained,familiar places,strangely familiar places,liminal spaces,strangely familiar,places youve been before,backrooms found footage,this is not real its just a dream please wake up,backrooms a24,kane pixels"
mr swirl: the internet's most disturbed user,education,"mr. swirl,mr swirl,christopher neil,christopher neil,mr swirl,mr.,swirl,mr. swirl documentary,nick crowley,documentary"
i went to the dubai they try to hide,"travel and events|tourism,lifestyle","benoftheweek,ben de almeida,dubai,dark side of dubai,dubai labor camps,uae,dubai vlog"
pillsbury cinnamon rolls are a scam,entertainment;food,"pillsbury,dough boy,doughboy,cinnamon rolls,biscuits,pillsbury cinnamon rolls,conspiracy,food,scam,pillsbury cinnamon rolls arent rolls,cinnamon biscuits,premade foods,pillsberry,rolls"
the lost art of parody,entertainment|film,"ls mark,ls mark family guy,family guy,ls mark ranking family guy,family guy ranking,family guy star wars,family guy review,family guy star wars review,family guy blue harvest,family guy something something dark side,family guy its a trap,chris griffin,parody movie,the downfall of parody movies,scary movie,austin powers,scary movie 6,peter griffin,brian griffin,ls mark disaster movie"
scooby doo 2002: an indie horror classic,"film and animation|film,analysis","scooby doo,scooby doo 2002,scooby doo pointlesshub,pointlesshub,scooby doo review,halloween,scooby doo meme,pointlesshub review,scooby doo live action,pointless hub,pointless hub,scoobydoo,scooby doo,scooby doo james gunn,james gunn scooby doo,scooby doo an indie horror classic"
"the chicago gang war, mapped","education;news and politics|politics,society","o'block,o block,o-block,chicago's gang,chicago's gangs,chicago's gang war,o'block gang"
all the positions in the nfl explained,"sports|american football,analysis","tifo,tifo sports,sports video,the athletic,nfl,american football,gridiron football,superbowl,championship,super bowl,positions,offence,defence,explained"
how the nfl uses 'socialism' to get rich,"sports|american football,analysis","sam,ellis,johnny,harris,search party,vox,vox borders,vox atlas,vox explained,geopolitics,news,sports,politics,explainers,journalism,nfl,football,american football,europe,soccer,man,det,epl,super league,league,closed,open,america,england,history,grammarly"
i built real odm gear! - attack on titan,"film and animation;how to and style|hobby, lifestyle,DIY","jlaservideo,diy,how to,tutorial,odm,aot,attack on titan,odm gear,anime,engineering,real odm gear,technology,super powers,manga,eren yeager,levi ackerman"
i tried unknown fast food chains,entertainment;food;travel and events|food,"dylan,food,restaurants,fast food,unknown fast food chains,fast food chains"
i tried every chain breakfast restaurant in america,entertainment;food;travel and events|food,"dylan,food,restaurants,breakfast,chain breakfast,ihop,waffle house,dennys,breakfast restaurant,i tried every chain breakfast restaurant"
i tried the free breakfast at 10 hotels to find the best one,"travel and events|food,lifestyle","sam reid,sam reed,studio revue,studio review,hotel breakfast,free hotel breakfast,continental breakfast,what is a continental breakfast,which hotels have breakfast,which hotel has the best breakfast?,best western breakfast,holiday inn express breakfast,tru breakfast,quality inn breakfast,days inn breakfast,comfort inn breakfast,hampton inn breakfast,red roof inn breakfast,fairfield inn breakfast,super 8 breakfast"
pro chefs blind taste test every frozen pizza | the taste panel | epicurious,entertainment;food,"best frozen pizza,best pizza brand,best supermarket pizza,blind taste test,blind tasting,epicurious,food challenge video,frozen pizza,frozen pizza how to cook,frozen pizza review,how to make frozen pizza,pizza blind taste test,pizza review,pro chefs taste frozen food,pro chefs taste supermarket food,professional chef blind taste test,professional chef taste test,supermarket food,supermarket pizza,taste test videos,the taste panel"
50 useless sonic heroes facts,gaming|video game culture,"useless sonic heroes facts,sonic heroes,glitches,secrets,easter egg,detail,development,beta,prototype,demo,guide,walkthrough,100%,ost,nintendo gamecube,xbox,pc,ps2,iceberg,choa,hidden,secret,stage,rare,glitch compilation,a+ start,son of a glitch,gamegrumps,somecallmejohnny,cutscene,movie,playthrough,mods,challenge,speed run,agdq,gdq,kingk,sonic the hedgehog,tails,dark,eggman,boss,sega,remix,fan,cover,shadow,sonic adventure,sa1,sa2,playstation,frontiers,sonic,cut,content,music"
sonic 3's subtle storytelling,gaming|video game culture,"hyperbithero,sonic,sonic the hedgehog,sonic 3 and knuckles,story,sonic adventure,chaos emeralds,mecha sonic"
a kirby air ride secret hidden for 20 years in plain sight,gaming|video game culture,"kirby,kirby air ride,kirby air riders,sakurai,nintendo,nintendo switch,switch,switch 2,gamecube,easter egg,secret"
nintendo mods that will blow your mind!,gaming|video game culture,"retro renew,nintendo mods,nintendo modding,nintendo emulation,modding scene,video game mods,fan mods,fan remakes,fan remasters,rom hacks,emulation,best mods 2025,game preservation,emulation vs nintendo,modding community,retro gaming,retro renew,emulator mods,dolphin emulator"
harmonic rhythm in sonic the hedgehog's music,gaming|video game culture;music,"sonic,sonic the hedgehog,harmony,melody,harmonic rhythm,video game,vgm,video game music,tails,knuckles,sonic unleashed,sonic adventure,sonic adventure 2,sonic forces,rhythm,chords"
"""invisible"" sound design in breath of the wild",gaming|video game culture;music,"botw,breath of the wild,link,zelda,legend of zelda,hyrule,lanayru,sound design,vgm,video game,video game music,invisible design"
behind splatoon's final minute of music,"gaming|analysis,video game culture;music","splatoon,splatoon 2,octo expansion,video game,video game music,vgm,ost,now or never,squid squad,wet floor,off the hook,squid sisters"
the music theory of super mario rpg's battle music,gaming|analysis;music,"super mario rpg,video games,snes,mario music,nintendo music,battle music,rpg battle music,how to write music,composition,music theory,fight against a stronger monster,fight against smithy,fight against a somewhat stronger monster,yoko shimomura,8-bit music theory"
why does this paper mario boss theme go so hard?,gaming|analysis;music,"paper mario,ttyd,paper mario the thousand year door,doopliss theme,boss music,ost,battle theme,mario music,nintendo music,creepy steeple,how to write music,composition,how to write game music,8-bit music theory"
explaining super mario's underwater music,gaming;music,"super mario bros,super mario music,mario underwater music,swimming music,chiptune,new music,mario ost,how to write music,composition,music theory,koji kondo,8-bit music theory"
the mario maker 3ds disaster,gaming|video game culture,"yo-kai watch,yokai watch,yo-kai,nintendo,nintendo 3ds,3ds worth it,2ds xl,nintendo 2ds xl,gaming,3ds eshop,3ds homebrew,3ds modded,3ds review,3ds games,3ds,yokai watch 2,yokai watch 4,yokai watch 3,yokai watch nuzlocke,nuzlocke,pokemon nuzlocke,pokemon,smallant,pointcrow,ludwig,yokai watch gameplay,yokai watch switch,yokai watch anime,yokai watch playthrough,yokai watch let's play,mario maker,dashiegames,dashiegames super mario maker"
cool tech under $50 - november!,"science and technology|technology;how to and style|hobby,lifestyle","randomfrankp,4k,2025,top 5,tech under 100,best tech,awesome tech under,tech under 50,tech under 25,top tech,tech under $50,gadgets under,gadgets under $50,cool tech,cool gadgets,technology,gadget,awesome,new gadgets,tech under,under $25,pc,smart tech,under $50,pc gaming,minimal desk,gaming mouse,holiday gift ideas,rgb light,ps5,elgato,stream deck,fanttik,gift idea for men,fanttik f2 master,tech organizer,soomfon"
how to (mentally) survive seasonal depression,entertainment;how to and style|lifestyle,"chon digital,sad,winter sadness,feeling kinda down,unrelated to the video tho,winter vibes,fall vibes,cozy,reading,gaming,chondling,chon"
breaking your phone addiction is pretty easy,people and blogs;how to and style|lifestyle,"phone addiction,animation,comedy,funny,cartoon,smart adjacent,jonathan h,joke,animate,sketch,comic,comic book,humor,hilarious,animals,animated,shorts,every other day,character,story,saturday morning,2d,family,coolman,coffeedan,chris hallbeck,the good advice cupcake,catanacomics,catana comics,the land of boggs,casually explained,charisma on command,easy actually,domics,matt davella,block site,clearspace,clear space,jomo,freedom,screen time"
monkey’s night routine that makes every morning easy (the secret to better sleep),education;how to and style|lifestyle,"morning routine,routine,productive morning routine"
the disturbing reality of ultra-processed food,education;entertainment;food;documentary,"ultra processed foods,processed food,fast food,junk food,chips,pringles,mcdonald's,ultra-processed food,upfs,food industry,food supply,health,diet,weight loss,obesity,healthy eating,behavior change,potato chips,mcdonald's apple pie,levels of processing,nova classification,starch slurry,slurries,raw food processing,trans fats,food documentary,nutrition,edible food-like substances,edible food-like products,kiana,kiana docherty,habits,dietary choices"
why americans eat dessert for breakfast,"education;food;travel and events|lifestyle,food","american breakfast,johnny harris vox,vox borders,johnny harris vox borders,vox,breakfast,international breakfast,strange american things,kelloggs,kelogs,kellogs,pancakes,doughnuts,johnny harris,taste test,healthy diet"
why are people obsessed with diet coke?,education;food,"diet coke,coca cola,aspartame,investigaion,mystery,diet,zero calorie,diet soda,soda pop,diet soda bad for you,diet soda vs regular soda,diet pop,diet soda poetry,diet pop bad for you,diet coke addiction,diet soda addiction,aspartame withdrawal,coke zero bad for you,documentary,investigative documentaries,investigative reports,kiana docherty"
school lunches in america just got worse...,"entertainment;food;how to and style|lifestyle,food","school lunch,school lunches,lunchables,ultra processed foods,processed food,junk food,national school lunch program,school lunch program,school lunch be like,mechanically separated meat,pink slime,food industry,kraft heinz,lunchables pizza,lunchables ham,lunchables turkey,lunchables cheese,kiana docherty,kiana,lunchables vs real food"
how to be a smarter football fan,"sports|american football,analysis","nfl,nfl highlights,all 22,film study,nfl breakdown,thinking football,scouting report,nfl draft,film breakdown,college football,patrick mahomes,justin herbert,jalen hurts,josh allen,joe burrow,jamarr chase,malik nabers,puka nakua,justin jefferson,chiefs,cowboys,steelers,packers,patriots,49ers,rams,seahawks,dolphins,jets,bills,ravens,lamar jackson"
how to make any room actually cool,"entertainment;how to and style|lifestyle,DIY","kelly wakasa,ryan trahan,gawx art,life of riza,colt kirwan,luke eich,yikes,isaiah photo,isaac carlton,eric wang,room renovation,how to make a cool room,room transformation"
the world's best watch is only $20,people and blogs;how to and style|lifestyle,"menswear,menswear tips,menswear basics,menswear review,vintage menswear,classic menswear,menswear essentials,mens fashion,casio f91w,casio f91,casio watch,wristwatch,mens watches,best watch,80s watch,80s fashion,digital watch,casio f91-w,best casio,casio"
i went phoneless for a week. it changed my life...,entertainment;how to and style|lifestyle;science and technology|technology,"finzar,fun,comedy,happy,editing,premiere pro,mental health,mental health awareness,social media addiction,phone addiction,dumb phone,social media vs reality,how to use your phone less,no smartphone challenge,self improvement journey,digital minimalism iphone,1 week no phone challenge,how to use your phone less often,social media detox 2024,finzar presets,dopamine detox,no social media,digital detox,phone detox,phoneless,self improvement,social media"
the funniest kid in school (feat. gabriel iglesias) - key & peele,"comedy;entertainment|film,television program;film and animation|television program","key & peele,key and peele,jordan peele,keegan-michael key,keey & peele,key & peele full episodes,key and peele show,kay and peele,high on potenuse,class clown,joke theft,joke thief,gabriel iglesias,fluffy,heather anne campbell,obama,barack obama,jordan peele obama impression,sketch comedy,funny,funny video,comedy videos,funny jokes,funny clips,math joke,math,key and peele math joke,keegan michael key,key and peele high on hypotenuse,hypotenuse"
cool teacher vs. class clown - key & peele,"comedy;entertainment|film,television program;film and animation|television program","key & peele,key and peele,jordan peele,keegan-michael key,keey & peele,key & peele full episodes,key and peele show,kay and peele,class clown,teacher,student,class,clown,classroom,school,dance,dancing,funny,funny video,comedy videos,funny jokes,funny clips,keegan michael key,key and peele classroom,key and peele class clown,key and peele classroom skit,cool teacher,teacher vs students,student vs teacher,key and peele teacher"
low iq moments but they get increasingly more dumb,"sports|basketball,highlights","coshreport,0 iq,jesser,low,jesser reacts,funny fails,people with a zero iq,dumb people on tiktok,dumbest people,dumb people,photos that prove people have 0 iq,tiktok dumb people,tiktok 0 iq,nba 0 iq,reaction,funny moments,stupid people doing stupid things,stupid people on tiktok"
travels but they get increasingly more outrageous,"sports|basketball,highlights","basketball,nba,nba highlights,sports,moments,highlights,espn,coshreport,irl sports content,music,best build,stephen curry,james harden step back,funny,house of highlights,fail,kobe bryant,james harden,travels,double dribble,increasingly,low iq"
how to fix a cat,entertainment;pets and animals;how to and style,"funny cat videos,weird,meme,cat,cat gun"
how a cat works,entertainment;pets and animals;how to and style,"how a cat works,funny cat video,entertaining video"
is your car safe from supermaneuverable air-defense fighter aircraft?,education;entertainment,"fighter jet,fighter aircraft,audi rs6 avant,car,bosnian ape society,funny,how to protect your car from fighter jets,meme,world of tanks,warthunder,modern fighter jets,su35,eurofighter,eurofighter typhoon,sukhoi,plane meme,fighter jet meme,surreal,surreal entertainment,fighter jets,russian air force,austrian air force,air defense system,ciws,anti aircraft,bosnian ape society fighter,bosnian ape society jet,bosnian ape society plane"
all the positions in the nfl explained,"sports|american football,analysis","tifo,tifo sports,sports video,the athletic,nfl,american football,gridiron football,superbowl,championship,super bowl,positions,offence,defence,explained"
every position in basketball explained,"sports|basketball,analysis","tifo,tifo sports,sports video,the athletic,basketball,nba,positions,explained"
playoff moments but they get increasingly more clutch,"sports|basketball,highlights","nba,playoffs,stephen curry,lebron james,basketball,game winner,kobe bryant,kyrie irving,nba highlights,michael jordan,house of highlights,ja morant,russell westbrook,top 10,nba playoffs,steph curry,most disrespectful dunks,buzzer beater,zion williamson,best dunks,james harden,nba moments,giannis antetokounmpo,of the year,buzzer beaters,kevin durant,nba finals,golden state warriors,nba top 10,derrick rose,kawhi leonard,nba compilation"
videogame lost media,"gaming|video game culture,knowledge;history","videogames,lost media,minecraft,roblox,fortnite,minecraft lost media,roblox lost media,fortnite lost media,lost version,cut content"
you can't beat steam,gaming|video game culture;news and politics|society,"valve,half life,steam,pc gaming,gaming"
the streaming war is over. piracy won.,entertainment;news and politics|society,"marketlegends,businessstories,startupfails,entrepreneurship,riseandfall,money,companies,legendary,motivation,piracy,hbo max,disney plus,streaming,netflix,netflix piracy,streaming dying,subsciptions,cancel,piracy won,streaming piracy"
why fast food sucks now,"entertainment;food;how to and style|lifestyle,food","patrickcc,patrickcctv,patrick cc,patrick cc:,fast food,fast food is slow,why fast food is dying,why fast food is so expensive,the downfall of fast food,fast food is slow and expensive,mcdonalds,why fast food sucks now,why is everything so boring,why are fast food resturants gray,why is everything gray,gray fast food buildings,gray trend fast food,why all fast food resturants look the same,fast food boring,fast food expensive,fast food architecture"
what does oracle actually do?,news and politics|society;science and technology|technology,"morning brew,dan toomey,morning brew dan toomey,good work,oracle,larry ellison,tiktok,tiktok sale,oracle tiktok,oracle cloud,what does oracle do,belle lin,ai,nvidia,oracle nvidia,oracle tiktok deal,trump larry ellison,paramount,oracle stock,larry ellison net worth,artificial intelligence,cloud ai,oracle cloud infrastructure,oracle company,tech,tech news,business news,business,saas,dan toomey good work,good work dan toomey,good work palantir"
why don't movies look like *movies* anymore?,"film and animation|film,analysis;entertainment|film","cinematography,film look,movies don’t look like movies,digital vs film,dynamic range,movie lighting,modern cinematography,parent trap 1998,dean cundey,movie aesthetics,why do movies look bad,high dynamic range,why film looks better,superbad cinematography,90s movies look better,filmmaking breakdown,contrast in movies,modern film lighting,vfx ruining movies,filmmaking mistakes,digital cameras,color grading,movie analysis,film vs digital"
where do you put the camera?,"education;entertainment|film;film and animation|film,analysis","video essay,filmmaking,every frame a painting,martin scorsese,guillermo del toro,greta gerwig,frank darabont,camera placement,what is the scene about,blocking,camera movement,what do you want to say,john sturges,killers of the flower moon,steven soderbergh,ocean's eleven,true grit,roger deakins,dick pope,fargo,lady bird,little women"
how expensive is it to watch the entire pokemon anime legally?,gaming;entertainment|television program;film and animation|television program,"most expensive pokemon card,most expensive pokemon cards,the words most expensive pokemon card,why are pokemon games so expensive,pokemon videos,pokemon short video,pokemon shorts funny,worst pokemon games,pokemon investor,pokemon investing,pokemon movie,pokemon unite,pokemon booster pack,pokemon,pokemon shorts attitude,cheap vs expensive,expensive vs cheap,pokemon discussion,pokemon shorts song,pokemon new episode,pokemon love,pokemon song"
flightreacts 7 riddles that will test your brain power!,education;gaming;people and blogs|vlog,"best build,nba 2k21 best archetype,nba 2k21 mycareer,nba 2k21 mypark,nba 2k21 top rep,best jumpshot 2k21,nba 2k21 stretch big gameplay story pranks irl family fun kids,nba 2k21,nba 2k21 my team,nba 2k,basketball,sports,education"
the hunt for the youtuber that raised me,film and animation;gaming|video game culture;entertainment|internet culture,"plushtubing,gaming,lostmedia,lost media,marioluigiplushbros,2000s nostalgia,sml,super mario logan,mario bros,nintendo,wind waker,smash bros melee,melee,youtubing,home videos,nostalgia,childhood,crazymariobros,awesomemariobros,supermariorichie,monkey man,3d,blender,3d animated"
i made kids gamble (for science),entertainment;science and technology;news and politics|society,"royalpear,royalpear twitch,tropius,shorts,pear shorts,tropius shorts,tiktok,royalpear shorts,royalpear tier list,tier list shorts,tier list,shorts wars,shorts arg,royalmelon,royalpearl,fortnite,pokemon,pokemon card,pear"
when the internet elected obama,"comedy;news and politics|politics,society;entertainment|internet culture","history,comedy,boon,boone,boonu,allhailboon,allhailboone,allhailgoon,booneuniversity,obama,president,election,mccain"
the 2008 financial crisis in 13 minutes,"people and blogs;news and politics|society,politics|history","2008 financial crisis,2008 crash,great recession,housing bubble,subprime mortgage crisis,lehman brothers collapse,wall street crash,mortgage backed securities,credit default swaps,cdos explained,economic crash documentary,too big to fail,tarp bailout,bank bailout,financial history,economics explained,finance documentary,global financial crisis"
the hardest part in every zelda game,"gaming|video game culture,analysis","the legend of zelda,hard zelda,hardest zelda game,hardest zelda dungeon,hardest zelda enemy,zelda difficult,zelda challenge,hardest zelda bosses,tears of the kingdom hard,breath of the wild,wind waker,ocarina of time,four swords,oracle of ages,oracle of seasons,goron dance,blue wizzrobe,link's awakening,moldorm,gloom hands,link to the past,twilight princess,skyward sword,temple of the ocean king,2 months dude"
nintendo games that got worse after updates,"gaming|video game culture,analysis","nintendo updates,nintendo controversy,mario kart world,mario kart 1.1.2,mario kart random,mario kart intermission,mario kart controversy,mario kart world update,mario kart world dead,smash bros,smash for wii u,smash bayonetta,bayonetta broken,smash 4 bayonetta,smash 4 cloud,animal crossing new horizons,swimming update,duping glitch,totk,totk duping,duping patched,pokemon,mario 35,the left arm chronicle continues fam,nintendo updates worse"
great nintendo games with one fatal flaw,"gaming|video game culture,analysis","bad nintendo games,kid icarus uprising,metroid other m,mario lost levels,mario bros 2,super mario bros 2 usa,doki doki panic,donkey kong 64,donkey kong banaza,so hard to type... one thumb,paper mario sticker star,worst nintendo games,nintendo flaws,nintendo controversy,been like 30 videos and still the same tags,fire emblem shadow dragon,gaiden chapters,mario party 9"
"anti-piracy: the fake, the creepy, and the downright malicious | tech rules","gaming|video game culture,analysis;science and technology|technology","anti-piracy screen,copy protection,mario party ds anti piracy screen,debunking,five nights at freddy's,cuphead,drm,starforce,every copy of mario 64 is personalized,puyo puyo,earthbound,gta 4,error screen,pokemon fire red,ace attorney,datamine,anti cheat"
how a terrible game cracked the 3ds's security - early days of 3ds hacking,"gaming|video game culture,analysis;science and technology|technology","tech rules,documentary,yifanlu,ninjhax,smealum,homebrew"
how a pair of tweezers defeated security on the nintendo wii | mvg,"gaming|video game culture,analysis;science and technology|technology","nintendo,wii,team twiizers,fail0verflow,tmbinc,bushing,marcan,michael steil,modding,hacking,wii homebrew channel,linux,mvg,modern vintage gamer,mistakes were made,play nintendo,legend of zelda,twilight princess,twilight hack,nintendo wii,nintendo wii games,wii games,wii nintendo,gaming"
how the nintendo switch security was defeated,"gaming|video game culture,analysis;science and technology|technology","switch,nintendo,nintendo switch,nx,nvidia,tegra x1,security,hacking,nintendo switch security,defeated,mvg,modern vintage gamer,exploits,fusee gelee,failoverflow,shofel2,nintendo switch oled,nintendo switch lite,mariko,aula,switch lite,redbox switch"
why sunnyv2 was forced to leave youtube,people and blogs,"comedy,shorts,funny,documentary,mini doc,storytelling,video essay,trending,viral,tiktok,youtube"
the kissing booth is netflix's worst romance movie,comedy;film and animation|film;review;entertainment|film,"danny gonzalez,funny,commentary,comedy,react,reaction,reacting,awful,humor"
musicians keep being embarrassing on stage,people and blogs;entertainment|music;music,"danny gonzalez,dannygonzalez,funny,skit,vine comedy,vines"
"the office has a sequel, for some reason","comedy;film and animation|television program,review;entertainment|television program","drew gooden,comedy,commentary,reaction,vine,drew gooden vine,road work ahead guy,parody,rant,cringe"
"did these 1998 ""y2k survival"" products actually do anything?",entertainment;history;news and politics|society,"evan clue,planet clue,kkclue,kk clue,kaykay,y2k,toys,games,media,clue.media"
watch this if you can't sleep...,entertainment;education;how to and style|lifestyle,"burdie,tommynfg,degenerocity,the duck,javeus,chainsfr,tokemon,raody,how to fall asleep,best ways to fall asleep,watch this video if you can't sleep"
dumb tiktok trends that got people killed,people and blogs;entertainment|internet culture;history,"comedy,shorts,funny,documentary,mini doc,storytelling,video essay,trending,viral,tiktok,youtube"
"why the us military bought 1,760 ps3s",entertainment;gaming|video game culture;science and technology|technology;news and politics|politics,"technology,ps3,supercomputer"
everything wrong with factor,"entertainment;food;how to and style|lifestyle,food","factor,factor meals,factor meals review,factor meal delivery,factor meals scam,factor75,meal delivery services,meal kits,food industry,food business,subscription services,hellofresh,meal kit industry,factor meals too expensive,factor review,business failure,marketing failure,failed business,business case study,marketing disaster,brand failure,corporate greed,business breakdown,product review,everyplate,meal prep"
i tried food from every state in america,"how to and style|lifestyle,food;entertainment;travel and events|lifestyle,food","sat bawl pro,joshua weissman,american food,american food reaction,america,best food in every state,food,every state food,food in america,fast food from every state,state food,best food in every state reaction,tier list,airrack,fast food,usa top foods,food in every state,california food,texas food,us food,new york food,nyc food,nyc pizza,texas barbecue,weird american food,american fast food,burger recipe,best american foods,food ranked,burger"
cheap vs expensive foods!,"how to and style|lifestyle,food;entertainment;travel and events|lifestyle,food","cheap vs expensive taste test,expensive vs cheap food,blind taste test,wagyu steak taste test,steak vs wagyu,wagyu burger vs fast food,cheap burger vs expensive burger,coffee taste test,cheap coffee vs expensive coffee,gummy bear taste test,candy taste test,gourmet vs budget food,food challenge,blind food tasting,gourmet vs fast food,luxury vs cheap eats,viral food challenge,taste test reaction,steak taste test"
i tried “food” from facebook marketplace,"how to and style|lifestyle,food;entertainment;travel and events|lifestyle,food","dylan,food,restaurants,facebook marketplace,fb marketplace,facebook marketplace food"
i bought more rare mario plushies! (color me mario),gaming|video game culture;entertainment;how to and style|hobby,"nintendo,rare nintendo,rare nintendo plush,color me mario,color me mario yoshi,color me mario peach,alps nurinko shoji company,moldy mario,nintendo collection,rare nintendo items,super mario,mario,yoshi,princess peach,super mario world,snes,super nintendo,yoshis island,super mario world plush,super mario bros plush,super mario rpg,nintendo 90s,nintendo japan,japan nintendo"
nintendo's greatest feature: ds download play,gaming|video game culture;science and technology|technology,"nintendo,nintendo switch,nintendo wii,nintendo 3ds,nintendo games,super mario,legend of zelda,pokemon,kirby,donkey kong,starfox,yoshi,luigi,nintendo ds,ds download play,nintendo ds download,nintendo ds multiplayer,nintendo wifi,switch,nintendo direct,nintendo switch"
what happened to nintendo's streetpass mii plaza?,"gaming|video game culture,knowledge,analysis;history","streetpass,nintendo 3ds,nintendo,streetpass mii plaza,3ds,ds,dsi,dsi xl,2ds,2ds xl,nintendo wii,nintendo wii u,3ds music,streetpass music,new 3ds,3ds xl,reggie fils-aime,satoru iwata,shigeru miyamoto,animal crossing new leaf,mario kart 7,nintendogs,nintendogs + cats"
modding your 3ds is the best decision you can make...,gaming|video game culture;science and technology|technology,"nintendo,nintendo 3ds,nintendo wii u,nintendo eshop,nintendo closed,nintendo shut down,nintendo 2024,3ds eshop,wii u eshop,nintendo news,modding 3ds,3ds modding,wii u modding,modding wii u,nintendo mods,nintendo 3ds xl,nintendo 3ds games,super mario 3d land,hshop,hshop 3ds,3ds.hacks.guide,nintendo switch,nintendo switch news,nintendo 3ds"
this disc allowed you to watch netflix on the wii!,"gaming|video game culture,knowledge;science and technology|technology","nintendo,nintendo switch,nintendo wii,nintendo 3ds,nintendo games,nintendo 2022,super mario,legend of zelda,pokemon,kirby,donkey kong,starfox,yoshi,luigi,wii u,nintendo 2021,nintendo switch,nintendo direct,nintendo switch oled,wii,netflix,wii netflix,obscure nintendo,nintendo wii disc,wii channel,wii shop channel,wii shop theme"
what happened to nintendo's selects?,"gaming|video game culture,knowledge","nintendo,nintendo switch,nintendo wii,nintendo 3ds,nintendo games,nintendo 2022,super mario,legend of zelda,pokemon,kirby,donkey kong,starfox,yoshi,luigi,wii u,nintendo 2021"
i tested airports after midnight,"entertainment;travel and events|tourism,lifestyle","sambucha,sambuca,airport,airports,jfk,travel,fun,chime,midnight,ewr"
3ds into (essentially) a walkman mp3,gaming|video game culture;science and technology|technology,"3dprinting,3dprint,bambulab,nintendo,nintendo3ds,3dsxl,new3dsxl,retrogaming,handheldgaming,frutigeraero,y2k,y2kaesthetic,sony,sonywalkman,retroaesthetic,tech,techlover,nostalgia,cooltech,foryoupage,viral,trending,trend,videogames,gamingvideos,nintendolife,portablegaming,techcollector,vintagegaming,walkman,cassetteculture,aesthetic,gamingaesthetic,oldschoolcool"
why did the 2000s look like that?,people and blogs;news and politics|society,"2000s nostalgia,2000s aesthetic,90s aesthetic,90s nostalgia,y2k,cybercore,chromecore,mcbling,y2kfashion,y2k aesthetic,metalheart,genxsoftclub,2k1,explained,deep dive,iceberg,vintage,retro,frutigeraero,frutiger aero"
how marvel used to write humor,"film and animation|film,analysis;entertainment|film","marvel,marvel movies,mcu,mcu review,marvel phase 4,ironheart,avengers,the avengers,best avengers movie,avengers movies,iron man,thor,captain america,the mcu review,movies to watch,video essay"
"every clue that tony stark was always dr. doom - marvel's plan, revealed","film and animation|film,analysis;entertainment|film","screencrush,heavy spoilers,new rockstars,dr doom,marvel studios,doctor doom,robert downey jr,fantastic four,avengers doomsday,rdj doctor doom,iron man,marvel comics,avengers doomsday trailer,cosmic wonder,doctor doom explained,marvel entertainment,marvel leaks,victor von doom,doctor dooms fearfall orlando,doctor doom post credit scene,doctor doom vs thanos,doctor doom reveal,doctor doom fantastic four"